"DESCRIPTION","DURATION IN MS","NAME","PARENT SUITE","START TIME","STATUS","STOP TIME","SUB SUITE","SUITE","TEST CLASS","TEST METHOD"
"","5970","SHOP_14 Verify body visible","chromium","2026-06-01","passed","2026-06-01","PRODUCT CATALOG TESTS","productCatalog\productCatalog.spec.js","",""
"","5463","SHOP_11 Verify shop URL","chromium","2026-06-01","passed","2026-06-01","PRODUCT CATALOG TESTS","productCatalog\productCatalog.spec.js","",""
"","8972","SHOP_09 Verify first product clickable","chromium","2026-06-01","passed","2026-06-01","PRODUCT CATALOG TESTS","productCatalog\productCatalog.spec.js","",""
"","4163","SEARCH_12 Verify sort dropdown visible","chromium","2026-06-01","passed","2026-06-01","SEARCH FILTER TESTS","searchFilter\searchFilter.spec.js","",""
"","3445","HOME_10 Verify product cards visible","chromium","2026-06-01","passed","2026-06-01","","homepage\homepage.spec.js","",""
"","5572","PDP_12 Verify product page refresh works","chromium","2026-06-01","passed","2026-06-01","PRODUCT DETAILS PAGE TESTS","productDetails\productDetails.spec.js","",""
"","5882","HOME_15 Verify homepage loads within timeout","chromium","2026-06-01","passed","2026-06-01","","homepage\homepage.spec.js","",""
"","4912","HOME_02 Verify page title exists","chromium","2026-06-01","passed","2026-06-01","","homepage\homepage.spec.js","",""
"","4251","HOME_09 Verify clickable links exist","chromium","2026-06-01","passed","2026-06-01","","homepage\homepage.spec.js","",""
"","4988","PDP_02 Verify page title exists","chromium","2026-06-01","passed","2026-06-01","PRODUCT DETAILS PAGE TESTS","productDetails\productDetails.spec.js","",""
"","4621","HOME_05 Verify homepage scroll works","chromium","2026-06-01","passed","2026-06-01","","homepage\homepage.spec.js","",""
"","3233","HOME_03 Verify logo is visible","chromium","2026-06-01","passed","2026-06-01","","homepage\homepage.spec.js","",""
"","4059","SEARCH_13 Verify sort dropdown interaction","chromium","2026-06-01","passed","2026-06-01","SEARCH FILTER TESTS","searchFilter\searchFilter.spec.js","",""
"","8256","SEARCH_01 Verify shop page loads","chromium","2026-06-01","passed","2026-06-01","SEARCH FILTER TESTS","searchFilter\searchFilter.spec.js","",""
"","4116","HOME_08 Verify homepage refresh works","chromium","2026-06-01","passed","2026-06-01","","homepage\homepage.spec.js","",""
"","5307","PDP_07 Verify Buy button exists","chromium","2026-06-01","passed","2026-06-01","PRODUCT DETAILS PAGE TESTS","productDetails\productDetails.spec.js","",""
"","5417","PDP_09 Verify body visible","chromium","2026-06-01","passed","2026-06-01","PRODUCT DETAILS PAGE TESTS","productDetails\productDetails.spec.js","",""
"","4136","SEARCH_14 Verify product cards visible","chromium","2026-06-01","passed","2026-06-01","SEARCH FILTER TESTS","searchFilter\searchFilter.spec.js","",""
"","5290","PDP_15 Verify no crash after load","chromium","2026-06-01","passed","2026-06-01","PRODUCT DETAILS PAGE TESTS","productDetails\productDetails.spec.js","",""
"","5755","PDP_04 Verify product image visible","chromium","2026-06-01","passed","2026-06-01","PRODUCT DETAILS PAGE TESTS","productDetails\productDetails.spec.js","",""
"","5068","SEARCH_10 Verify Puma filter clickable","chromium","2026-06-01","passed","2026-06-01","SEARCH FILTER TESTS","searchFilter\searchFilter.spec.js","",""
"","8501","CHECKOUT_01 Verify checkout page accessible","chromium","2026-06-01","failed","2026-06-01","","checkout\checkout.spec.js","",""
"","6193","HOME_14 Verify responsive mobile view","chromium","2026-06-01","passed","2026-06-01","","homepage\homepage.spec.js","",""
"","5281","SHOP_13 Verify products remain after scroll","chromium","2026-06-01","passed","2026-06-01","PRODUCT CATALOG TESTS","productCatalog\productCatalog.spec.js","",""
"","5601","SEARCH_03 Verify search bar enabled","chromium","2026-06-01","passed","2026-06-01","SEARCH FILTER TESTS","searchFilter\searchFilter.spec.js","",""
"","7520","PDP_08 Verify scrolling works","chromium","2026-06-01","passed","2026-06-01","PRODUCT DETAILS PAGE TESTS","productDetails\productDetails.spec.js","",""
"","5612","SEARCH_05 Verify search text clears","chromium","2026-06-01","passed","2026-06-01","SEARCH FILTER TESTS","searchFilter\searchFilter.spec.js","",""
"","6770","HOME_07 Verify footer visible","chromium","2026-06-01","passed","2026-06-01","","homepage\homepage.spec.js","",""
"","5011","HOME_06 Verify search bar is visible","chromium","2026-06-01","passed","2026-06-01","","homepage\homepage.spec.js","",""
"","7809","HOME_01 Verify homepage loads","chromium","2026-06-01","passed","2026-06-01","","homepage\homepage.spec.js","",""
"","8775","PDP_01 Verify product page loads","chromium","2026-06-01","passed","2026-06-01","PRODUCT DETAILS PAGE TESTS","productDetails\productDetails.spec.js","",""
"","5142","SHOP_12 Verify page title exists","chromium","2026-06-01","passed","2026-06-01","PRODUCT CATALOG TESTS","productCatalog\productCatalog.spec.js","",""
"","8818","SHOP_01 Verify shop page loads","chromium","2026-06-01","passed","2026-06-01","PRODUCT CATALOG TESTS","productCatalog\productCatalog.spec.js","",""
"","4399","SEARCH_07 Verify Mens Sneakers category visible","chromium","2026-06-01","passed","2026-06-01","SEARCH FILTER TESTS","searchFilter\searchFilter.spec.js","",""
"","5598","SHOP_06 Verify search exists if available","chromium","2026-06-01","passed","2026-06-01","PRODUCT CATALOG TESTS","productCatalog\productCatalog.spec.js","",""
"","5739","PDP_06 Verify Add to Cart button exists","chromium","2026-06-01","passed","2026-06-01","PRODUCT DETAILS PAGE TESTS","productDetails\productDetails.spec.js","",""
"","7496","SHOP_05 Verify scrolling works","chromium","2026-06-01","passed","2026-06-01","PRODUCT CATALOG TESTS","productCatalog\productCatalog.spec.js","",""
"","5904","SHOP_10 Verify page does not crash","chromium","2026-06-01","passed","2026-06-01","PRODUCT CATALOG TESTS","productCatalog\productCatalog.spec.js","",""
"","5986","PDP_11 Verify product URL","chromium","2026-06-01","passed","2026-06-01","PRODUCT DETAILS PAGE TESTS","productDetails\productDetails.spec.js","",""
"","5163","SEARCH_06 Verify All category visible","chromium","2026-06-01","passed","2026-06-01","SEARCH FILTER TESTS","searchFilter\searchFilter.spec.js","",""
"","4194","SEARCH_11 Verify price slider visible","chromium","2026-06-01","passed","2026-06-01","SEARCH FILTER TESTS","searchFilter\searchFilter.spec.js","",""
"","5632","PDP_05 Verify price visible","chromium","2026-06-01","passed","2026-06-01","PRODUCT DETAILS PAGE TESTS","productDetails\productDetails.spec.js","",""
"","5931","SEARCH_02 Verify search bar visible","chromium","2026-06-01","passed","2026-06-01","SEARCH FILTER TESTS","searchFilter\searchFilter.spec.js","",""
"","7223","PDP_14 Verify page scroll remains stable","chromium","2026-06-01","passed","2026-06-01","PRODUCT DETAILS PAGE TESTS","productDetails\productDetails.spec.js","",""
"","4462","SHOP_15 Verify no blank page","chromium","2026-06-01","passed","2026-06-01","PRODUCT CATALOG TESTS","productCatalog\productCatalog.spec.js","",""
"","6116","SHOP_04 Verify products count greater than 0","chromium","2026-06-01","passed","2026-06-01","PRODUCT CATALOG TESTS","productCatalog\productCatalog.spec.js","",""
"","3641","HOME_12 Verify homepage images loaded","chromium","2026-06-01","passed","2026-06-01","","homepage\homepage.spec.js","",""
"","3393","HOME_11 Verify hero banner visible","chromium","2026-06-01","passed","2026-06-01","","homepage\homepage.spec.js","",""
"","3448","HOME_04 Verify navigation menu visible","chromium","2026-06-01","passed","2026-06-01","","homepage\homepage.spec.js","",""
"","13116","PDP_03 Verify product title visible","chromium","2026-06-01","passed","2026-06-01","PRODUCT DETAILS PAGE TESTS","productDetails\productDetails.spec.js","",""
"","5848","SHOP_07 Verify filters section exists","chromium","2026-06-01","passed","2026-06-01","PRODUCT CATALOG TESTS","productCatalog\productCatalog.spec.js","",""
"","16126","SHOP_03 Verify product cards exist","chromium","2026-06-01","passed","2026-06-01","PRODUCT CATALOG TESTS","productCatalog\productCatalog.spec.js","",""
"","4201","SEARCH_15 Verify page remains stable","chromium","2026-06-01","passed","2026-06-01","SEARCH FILTER TESTS","searchFilter\searchFilter.spec.js","",""
"","6260","PDP_10 Verify page is not blank","chromium","2026-06-01","passed","2026-06-01","PRODUCT DETAILS PAGE TESTS","productDetails\productDetails.spec.js","",""
"","2773","HOME_13 Verify current URL","chromium","2026-06-01","passed","2026-06-01","","homepage\homepage.spec.js","",""
"","4181","SEARCH_08 Verify Mens Sports category visible","chromium","2026-06-01","passed","2026-06-01","SEARCH FILTER TESTS","searchFilter\searchFilter.spec.js","",""
"","5646","SEARCH_04 Verify search accepts text","chromium","2026-06-01","passed","2026-06-01","SEARCH FILTER TESTS","searchFilter\searchFilter.spec.js","",""
"","6374","SHOP_08 Verify price text visible","chromium","2026-06-01","passed","2026-06-01","PRODUCT CATALOG TESTS","productCatalog\productCatalog.spec.js","",""
"","5003","PDP_13 Verify content exists","chromium","2026-06-01","passed","2026-06-01","PRODUCT DETAILS PAGE TESTS","productDetails\productDetails.spec.js","",""
"","4237","SEARCH_09 Verify Adidas filter clickable","chromium","2026-06-01","passed","2026-06-01","SEARCH FILTER TESTS","searchFilter\searchFilter.spec.js","",""
"","6112","SHOP_02 Verify title is visible","chromium","2026-06-01","passed","2026-06-01","PRODUCT CATALOG TESTS","productCatalog\productCatalog.spec.js","",""
